datatime,actualkwh,budgetkwh,address,lat,lon,cod,capacity_dc_kw
2020-01-01 00:00:00,690841,602650,"Warwick, RI 02886",41.72,-71.43,2018-10-01 00:00:00+00,8021
2020-01-01 00:00:00,90.6770000000005,108.902749999999,"Falmouth, MA 02536",41.596305,-70.567467,2017-03-20 00:00:00+00,3.08
2020-01-01 00:00:00,168.583,479.59,"Shaftsbury, VT 05262",42.97375,-73.07524,2018-07-16 00:00:00+00,7.54
2020-01-01 00:00:00,0,0,"Meriden, CT 06450",41.535812,-72.775686,2020-05-14 00:00:00+00,8.19
2020-01-01 00:00:00,849.581999999999,707.867874999999,"Bridgeton, NJ 08302",39.438613,-75.260646,2017-11-27 00:00:00+00,22.04
2020-01-01 00:00:00,400.886,397.438672971709,"West Deptford, NJ 08086",39.854728,-75.198686,2017-03-22 00:00:00+00,6.375
2020-01-01 00:00:00,336.079999999999,282.999999999999,"Somerville, NJ 08876",40.589554,-74.685411,2019-02-11 00:00:00+00,6.96
2020-01-01 00:00:00,127.063999999999,135.210719250565,"Lowell, MA 01854",42.649481,-71.348229,2015-05-19 00:00:00+00,3.185
2020-01-01 00:00:00,294.871,358.389049999999,"Greenwich, CT 06807",41.056732,-73.592029,2017-02-23 00:00:00+00,8.68
2020-01-01 00:00:00,625.781,634.156726904374,"Sicklerville, NJ 08081-1340",39.7172152,-74.9697707,2015-08-28 00:00:00+00,8.06
2020-01-01 00:00:00,263.471,483.1322,"Salisbury, CT 06039",41.952698,-73.458626,2017-06-23 00:00:00+00,7.56
2020-01-01 00:00:00,192.172,165.492579,"Revere, MA 02151",42.41829,-71.001251,2016-03-09 00:00:00+00,3
2020-01-01 00:00:00,0,0,"Brookfield, CT 06804",41.469885,-73.393667,2019-05-29 00:00:00+00,19.14
2020-01-01 00:00:00,536.820999999999,648.739999999999,"Elizabeth, NJ 07202",40.652464,-74.216853,2018-05-29 00:00:00+00,7.2
2020-01-01 00:00:00,370.189999999998,280.048225806451,"West Orange, NJ 07052",40.785755,-74.265058,2019-01-11 00:00:00+00,9.86
2020-01-01 00:00:00,236.532,189.242491291826,"Methuen, MA 01844",42.742526,-71.179149,2017-08-09 00:00:00+00,5.355
2020-01-01 00:00:00,267.15,408.880325,"South Windsor, CT 06074",41.83809,-72.577836,2017-02-28 00:00:00+00,6.72
2020-01-01 00:00:00,246.668,351.502081346445,"West Hartford, CT 06117",41.78516,-72.763564,2014-09-11 00:00:00+00,6
2020-01-01 00:00:00,197.118,223.611996625,"Bristol, CT 06010",41.681578,-72.940749,2016-05-06 00:00:00+00,5.225
2020-01-01 00:00:00,0,447.268336004572,"Windsor, CT 06095",41.871037,-72.675082,2016-08-03 00:00:00+00,8.06
2020-01-01 00:00:00,712.824,746.750220638613,"Medfield, MA 02052",42.184599,-71.305307,2015-11-16 00:00:00+00,18
2020-01-01 00:00:00,166.68,150.244999999999,"Greenfield, MA 01301",42.626761,-72.60153,2018-06-06 00:00:00+00,4.64
2020-01-01 00:00:00,437.331999999999,366.821109261179,"Berlin, CT 06037",41.605477,-72.778459,2015-10-27 00:00:00+00,11.5
2020-01-01 00:00:00,248.742999999999,409.87035,"Colchester, CT 06415",41.550291,-72.348616,2017-10-24 00:00:00+00,6.27
2020-01-01 00:00:00,478.591999999999,400.397000149092,"Bridgewater, NJ 08807",40.592434,-74.61884,2017-05-31 00:00:00+00,9.945
2020-01-01 00:00:00,0.987MW,1.177MW,"Pemberton, NJ 08068",39.961401,-74.665917,2014-07-29 00:00:00+00,15.66
2020-01-01 00:00:00,269.047999999999,316.588288701875,"Toms River, NJ 08757",39.942397,-74.251072,2015-10-30 00:00:00+00,5.2
2020-01-01 00:00:00,265.086,378.268751999999,"Manchester, CT 06042",41.802645,-72.521039,2016-12-27 00:00:00+00,7.28
2020-01-01 00:00:00,322.548999999999,291.104401685625,"Blackwood, NJ 08012-5356",39.8023363,-75.0640602,2015-12-29 00:00:00+00,8.58
2020-01-01 00:00:00,500.611,526.6933,"Stafford Township, NJ 08050",39.712654,-74.231107,2017-07-26 00:00:00+00,6.16
2020-01-01 00:00:00,432.844,396.01,"Berkeley Township, NJ 08721",39.902019,-74.152669,2017-09-05 00:00:00+00,10.44
2020-01-01 00:00:00,319.624,368.289299999999,"Derby, CT 06418",41.326124,-73.082574,2017-06-14 00:00:00+00,10.92
2020-01-01 00:00:00,116.466,175.588960936572,"Townsend, MA 01469",42.664828,-71.695087,2016-01-06 00:00:00+00,6.6
2020-01-01 00:00:00,227.964,246.516225,"West Hartford, CT 06110",41.732683,-72.733603,2017-04-07 00:00:00+00,6.44
2020-01-01 00:00:00,146.399,104.908753031632,"Clarksburg, MA 01247",42.698526,-73.0843,2016-11-02 00:00:00+00,7.25
2020-01-01 00:00:00,337.76,266.968950157729,"Ellington, CT 06029",41.914149,-72.445568,2016-09-15 00:00:00+00,7.02
2020-01-01 00:00:00,169.081999999999,208.8358735,"Norwalk, CT 06851",41.138233,-73.401526,2016-06-15 00:00:00+00,3.445
2020-01-01 00:00:00,427.463999999999,342.526367291025,"Sicklerville, NJ 08081",39.732942,-74.976657,2016-12-08 00:00:00+00,5.5
2020-01-01 00:00:00,683.384,605.597762757971,"Fall River, MA 02724",41.683936,-71.1775,2015-09-28 00:00:00+00,9.5
2020-01-01 00:00:00,307.014,353.641880125,"Hartford, CT 06106",41.748587,-72.696006,2016-03-14 00:00:00+00,5.775
2020-01-01 00:00:00,0,438.340588027249,"Bridgeport, CT 06606",41.21211,-73.206673,2016-10-14 00:00:00+00,5.46
2020-01-01 00:00:00,371.619999999999,415.91,"Providence, RI 02908",41.839825,-71.436794,2018-12-06 00:00:00+00,6.44
2020-01-01 00:00:00,240.705,368.62852328377,"Londonderry, NH 03053",42.869839,-71.387845,2016-01-19 00:00:00+00,8.8
2020-01-01 00:00:00,247.599999999998,254.72,"Hamilton Township, NJ 08690",40.224505,-74.660279,2018-02-14 00:00:00+00,6.6
2020-01-01 00:00:00,189.214,202.214193548387,"Pleasantville, NJ 08232",39.387525,-74.515196,2019-01-08 00:00:00+00,2.8
2020-01-01 00:00:00,244.286999999999,354.626955,"Beacon Falls, CT 06403",41.443685,-73.051925,2016-03-28 00:00:00+00,5.5
2020-01-01 00:00:00,290.427999999999,388.0898,"Pittsfield, MA 01201",42.448236,-73.273727,2017-04-18 00:00:00+00,7.125
2020-01-01 00:00:00,151.041,199.682182201703,"Rumson, NJ 07760-2038",40.372054,-73.9990269,2014-10-30 00:00:00+00,3
2020-01-01 00:00:00,0,407.8903,"Brockton, MA 02301",42.078371,-71.042304,2017-10-26 00:00:00+00,9.24
2020-01-01 00:00:00,381.793999999999,400.881145755624,"Keansburg, NJ 07734",40.444152,-74.136812,2015-09-25 00:00:00+00,5.2
2020-01-01 00:00:00,509.400000000001,398.980074999999,"Worcester, MA 01604",42.253254,-71.767957,2017-12-19 00:00:00+00,10.545
2020-01-01 00:00:00,129.721,201.91079712875,"Ayer, MA 01432",42.564663,-71.567298,2015-11-10 00:00:00+00,10.725
2020-01-01 00:00:00,350.77,229.6858,"Millville, NJ 08332",39.377041,-75.023374,2017-11-20 00:00:00+00,7.83
2020-01-01 00:00:00,493.7,465.915169354838,"Carteret, NJ 07008",40.58379,-74.227457,2018-01-09 00:00:00+00,6.6
2020-01-01 00:00:00,573.707,587.311662111524,"Meriden, CT 06450",41.535812,-72.775686,2016-08-30 00:00:00+00,9.36
2020-01-01 00:00:00,450.204999999999,304.1816678136,"North Dartmouth, MA 02747-1427",41.640396,-70.9694555,2015-04-22 00:00:00+00,7.75
2020-01-01 00:00:00,829.261999999998,1123.355,"Mount Olive Township, NJ 07853",40.780755,-74.789238,2018-08-28 00:00:00+00,15.66
2020-01-01 00:00:00,262.484999999998,374,"Stockton, NJ 08559",40.429224,-74.979064,2019-02-04 00:00:00+00,9.28
2020-01-01 00:00:00,229.010000000005,269.2868,"Oakhurst, NJ 07755",40.263635,-74.022877,2017-07-14 00:00:00+00,10.03
2020-01-01 00:00:00,290.224,183.885537791931,"Bridgewater, MA 02324",41.972387,-70.978778,2015-06-02 00:00:00+00,7
2020-01-01 00:00:00,0,0,"Middlesex, NJ 08846",40.574627,-74.498259,2019-08-30 00:00:00+00,6.38
2020-01-01 00:00:00,259.908999999999,282,"Rockland, MA 02370",42.130399,-70.910615,2019-03-14 00:00:00+00,4.62
2020-01-01 00:00:00,196.789,308.887799999999,"Berlin, CT 06037",41.605477,-72.778459,2017-03-13 00:00:00+00,7
2020-01-01 00:00:00,199.800999999999,353.434404201135,"Lanesboro, MA 01237",42.547818,-73.268033,2013-09-24 00:00:00+00,6.5
2020-01-01 00:00:00,627.13,700.543872580645,"North Plainfield, NJ 07060",40.616667,-74.422042,2018-01-15 00:00:00+00,10.92
2020-01-01 00:00:00,263.199999999998,348.488799999999,"Waltham, MA 02451",42.397825,-71.255701,2017-11-17 00:00:00+00,4.95
2020-01-01 00:00:00,0,244.067931930866,"Natick, MA 01760",42.284822,-71.348811,2013-08-20 00:00:00+00,3.92
2020-01-01 00:00:00,456.822,410.521049994408,"Hillsborough, NJ 08844",40.497692,-74.670505,2016-09-06 00:00:00+00,9.36
2020-01-01 00:00:00,686.5,762.17,"Toms River, NJ 08753",39.979031,-74.160429,2018-05-09 00:00:00+00,13.57
2020-01-01 00:00:00,236.419999999999,365.335799940479,"East Hartford, CT 06118",41.748702,-72.609686,2016-03-02 00:00:00+00,6.63
2020-01-01 00:00:00,364.175999999999,344.137518795418,"North Brunswick Township, NJ 08902",40.439227,-74.484339,2017-05-23 00:00:00+00,6.5
2020-01-01 00:00:00,527.550000000001,479.83629032258,"New Fairfield, CT 06812",41.480318,-73.486863,2019-01-17 00:00:00+00,15.75
2020-01-01 00:00:00,512.265,514.492659944981,"1234 Main Street, Brockton, MA",42.078371,-71.042304,2015-08-20 00:00:00+00,8.1
2020-01-01 00:00:00,419.354,517.405160181938,"North Haven, CT 06473",41.381459,-72.856369,2016-08-04 00:00:00+00,12.48
2020-01-01 00:00:00,751.838,763.786867020099,"Durham, CT 06422",41.468922,-72.684525,2016-10-07 00:00:00+00,9.88
2020-01-01 00:00:00,127.757999999999,137.284977570559,"Manchester, CT 06042",41.802645,-72.521039,2016-08-05 00:00:00+00,3.12
2020-01-01 00:00:00,396.819,442.532773145742,"Brielle, NJ 08730",40.105375,-74.063421,2016-09-08 00:00:00+00,5.565
2020-01-01 00:00:00,665.186000000001,828.650925,"Green Township, NJ 07821",40.966037,-74.754687,2017-03-10 00:00:00+00,20.44
2020-01-01 00:00:00,509.471,470.824003542454,"Willingboro, NJ 08046",40.02795,-74.886984,2015-11-06 00:00:00+00,7.65
2020-01-01 00:00:00,250.027000000001,337.116480777686,"Hanson, MA 02341",42.050464,-70.867418,2013-09-05 00:00:00+00,6.5
2020-01-01 00:00:00,0,239.795,"Willingboro, NJ 08046",40.02795,-74.886984,2018-08-22 00:00:00+00,4.425
2020-01-01 00:00:00,438.54,524.365,"West Berlin, NJ 08091",39.807116,-74.924178,2018-11-05 00:00:00+00,6.3
2020-01-01 00:00:00,115.376,149.731380999999,"Montclair, NJ 07042",40.812449,-74.21733,2016-12-03 00:00:00+00,2.915
2020-01-01 00:00:00,688.064000000005,646.761085245972,"Franklinville, NJ 08322",39.611102,-75.048771,2013-09-09 00:00:00+00,14
2020-01-01 00:00:00,0,0,"Bayonne, NJ 07002",40.66253,-74.110192,2019-06-01 00:00:00+00,4.13
2020-01-01 00:00:00,516.338999999999,511.432149122148,"Beverly, MA 01915",42.570665,-70.867583,2014-05-09 00:00:00+00,8
2020-01-01 00:00:00,408.629000000004,502.932699999999,"Maplewood, NJ 07040",40.730785,-74.268919,2017-12-11 00:00:00+00,6.785
2020-01-01 00:00:00,0,230.50752075,"Wenonah, NJ 08096",39.826978,-75.126536,2016-11-15 00:00:00+00,9.54
2020-01-01 00:00:00,194.302999999999,172.388103125,"Woburn, MA 01801",42.488769,-71.154438,2016-04-18 00:00:00+00,8.8
2020-01-01 00:00:00,184.832999999998,208.135352810593,"Kingston, MA 02364",41.987196,-70.741942,2013-08-23 00:00:00+00,4
2020-01-01 00:00:00,602.912,641.5362,"Brick, NJ 08723",40.038584,-74.1116,2017-05-10 00:00:00+00,9.12
2020-01-01 00:00:00,162.174,10.8410931129032,"Vernon, CT 06066",41.837561,-72.45904,2017-01-04 00:00:00+00,3.08
2020-01-01 00:00:00,124.019999999999,146.776156375,"Brockton, MA 02301",42.078371,-71.042304,2016-11-02 00:00:00+00,4.75
2020-01-01 00:00:00,438.423999999999,261.684999999999,"Ocean, NJ 07712",40.249708,-74.053712,2018-11-08 00:00:00+00,7.8
2020-01-01 00:00:00,489.674,504.884598730928,"New Milford, CT 06776",41.60132,-73.422832,2016-09-15 00:00:00+00,6.5
2020-01-01 00:00:00,84.4359999999999,91.3312170356249,"Litchfield, CT 06759",41.75364,-73.212028,2016-01-13 00:00:00+00,2.475
2020-01-01 00:00:00,441.399999999997,594.015,"Cherry Hill, NJ 08034",39.9061,-75.000375,2018-02-15 00:00:00+00,7.54
2020-01-01 00:00:00,264.716999999999,316.807999999999,"Maplewood, NJ 07040",40.730785,-74.268919,2017-11-21 00:00:00+00,5.985
2020-01-01 00:00:00,415.594,604.835973249999,"Naugatuck, CT 06770",41.488428,-73.053383,2016-09-28 00:00:00+00,7.54
2020-01-01 00:00:00,361.080999999999,351.945490099051,"Milford, CT 06460",41.21892,-73.052454,2016-08-11 00:00:00+00,6.24
2020-01-01 00:00:00,426.899999999997,540.55365,"Toms River, NJ 08757",39.942397,-74.251072,2017-12-13 00:00:00+00,6.67
2020-01-01 00:00:00,369.34,563.930278955612,"Mullica Hill, NJ 08062",39.716096,-75.219265,2017-08-28 00:00:00+00,8.4
2020-01-01 00:00:00,502.075,453.124951919251,"Whitman, MA 02382",42.078974,-70.93939,2014-06-24 00:00:00+00,6.5
2020-01-01 00:00:00,413.504,654.294042256158,"Rutland, MA 01543",42.388285,-71.969865,2013-09-04 00:00:00+00,10
2020-01-01 00:00:00,496.258,841.943542711035,"Seymour, CT 06483",41.385122,-73.083525,2016-08-24 00:00:00+00,10.66
2020-01-01 00:00:00,0,0,"Springfield, MA 01128",42.092296,-72.489135,2020-03-10 00:00:00+00,4.65
2020-01-01 00:00:00,369.169999999999,409.87035,"Plainville, CT 06062",41.673639,-72.859729,2017-03-03 00:00:00+00,5.6
2020-01-01 00:00:00,740.838,730.211377965625,"Stoughton, MA 02072",42.119006,-71.10365,2015-10-26 00:00:00+00,10.4
2020-01-01 00:00:00,823.5,859.68,"Toms River, NJ 08753",39.979031,-74.160429,2018-03-29 00:00:00+00,15.675
2020-01-01 00:00:00,499.295,581.493014936783,"New Britain, CT 06053",41.688039,-72.793469,2016-07-28 00:00:00+00,8.06
2020-01-01 00:00:00,360.284,420.121096629105,"Preston, CT 06365",41.518652,-72.006597,2016-08-11 00:00:00+00,8.32
2020-01-01 00:00:00,291.2,330.800588709677,"Egg Harbor City, NJ 08215",39.586506,-74.563656,2018-01-22 00:00:00+00,5.72
2020-01-01 00:00:00,767.125,963.06152059086,"Milford, CT 06460",41.21892,-73.052454,2016-09-02 00:00:00+00,16.9
2020-01-01 00:00:00,361.988,243.54615,"Barnstable, MA 02601",41.657961,-70.298093,2017-10-24 00:00:00+00,9.24
2020-01-01 00:00:00,260.456,281.795046519669,"Dover, NJ 07801",40.917192,-74.554744,2017-05-03 00:00:00+00,3.9
2020-01-01 00:00:00,43.6000000000003,44.775,"Shelburne, VT 05482",44.380662,-73.211006,2018-02-22 00:00:00+00,8.12
2020-01-01 00:00:00,553.940999999999,453.652418633992,"Fall River, MA 02721-4826",41.6746583,-71.150793,2015-06-23 00:00:00+00,9
2020-01-01 00:00:00,243.119999999999,245.765,"Agawam, MA 01030",42.072925,-72.686972,2018-05-04 00:00:00+00,9.405
2020-01-01 00:00:00,348.1,409.94,"Pennsville, NJ 08070",39.619131,-75.516096,2018-03-21 00:00:00+00,6.38
2020-01-01 00:00:00,194.88,157.413974999999,"Gardner, MA 01440",42.588337,-71.986069,2017-12-28 00:00:00+00,7.41
2020-01-01 00:00:00,240.655999999999,293.0474,"Port Monmouth, NJ 07758",40.434236,-74.100665,2017-12-05 00:00:00+00,10.44
2020-01-01 00:00:00,466.850999999999,273.85081525,"Browns Mills, NJ 08015-3446",39.9726147,-74.5829331,2016-02-01 00:00:00+00,11
2020-01-01 00:00:00,103.578,78.80599,"Kingston, NH 03848",42.913731,-71.073595,2016-06-21 00:00:00+00,6.36
2020-01-01 00:00:00,702.231000000007,668.865840124999,"Cape May Court House, NJ 08210",39.12175,-74.83443,2016-05-19 00:00:00+00,14.82
2020-01-01 00:00:00,434.438999999999,420.994271142996,"Branford, CT 06405",41.285002,-72.793549,2016-07-27 00:00:00+00,11.18
2020-01-01 00:00:00,626.931,478.834992375393,"Dighton, MA 02715",41.803649,-71.15338,2016-11-07 00:00:00+00,8.25
2020-01-01 00:00:00,236.638,268.943207761232,"East Hartford, CT 06108",41.780375,-72.623945,2016-08-03 00:00:00+00,5.2
2020-01-01 00:00:00,549.544,576.999250898136,"South Easton, MA 02375-1132",42.0467781,-71.0806659,2015-07-01 00:00:00+00,8.75
2020-01-01 00:00:00,214.863999999999,242.556124999999,"Manchester, CT 06040",41.761415,-72.525608,2017-04-13 00:00:00+00,3.135
2020-01-01 00:00:00,123.655999999999,213.8454,"Danbury, CT 06811",41.422581,-73.478352,2017-09-20 00:00:00+00,6.2
2020-01-01 00:00:00,220.771,522.089683749999,"Somersworth, NH 03878",43.253476,-70.887944,2016-04-13 00:00:00+00,6.05
2020-01-01 00:00:00,426.198,585.149251873125,"West Brookfield, MA 01585",42.240796,-72.162645,2015-09-02 00:00:00+00,8.58
2020-01-01 00:00:00,219.885,235.389897973981,"Strathmere, NJ 08248",39.195541,-74.656952,2017-03-17 00:00:00+00,3.5
2020-01-01 00:00:00,108.863000000001,226.56722125,"Nashua, NH 03062",42.722323,-71.501176,2016-08-31 00:00:00+00,6.095
2020-01-01 00:00:00,196.735,229.224694771636,"Piscataway Township, NJ 08854",40.54564,-74.460817,2016-11-03 00:00:00+00,3.975
2020-01-01 00:00:00,681.584,671.302435551467,"Galloway, NJ 08205",39.482,-74.452637,2015-07-08 00:00:00+00,19
2020-01-01 00:00:00,333.5,356.409,"Foxborough, MA 02035",42.061338,-71.245802,2017-07-21 00:00:00+00,5.225
2020-01-01 00:00:00,0,37.4013544836174,"Lincoln, MA 01773",42.425506,-71.310812,2013-09-26 00:00:00+00,12.74
2020-01-01 00:00:00,333.93,408.880325,"Danbury, CT 06810",41.374284,-73.457611,2017-03-16 00:00:00+00,7.28
2020-01-01 00:00:00,178.999999999998,185.134675,"Roselle, NJ 07203",40.652211,-74.260158,2017-06-26 00:00:00+00,5.51
2020-01-01 00:00:00,656.743999999999,726.290779963125,"Voorhees Township, NJ 08043",39.848537,-74.953499,2015-12-18 00:00:00+00,15.95
2020-01-01 00:00:00,306.238999999999,371.081319377847,"Malden, MA 02148",42.42938,-71.058706,2016-10-06 00:00:00+00,9.36
2020-01-01 00:00:00,409.087999999999,324.933161963672,"Southington, CT 06489",41.614169,-72.869926,2015-09-15 00:00:00+00,7.395
2020-01-01 00:00:00,678.235000000004,589.728929872985,"Flemington, NJ 08822",40.524836,-74.865225,2015-10-22 00:00:00+00,10.5
2020-01-01 00:00:00,401.869999999999,408.886139724858,"Amesbury, MA 01913",42.851293,-70.95581,2016-08-05 00:00:00+00,5.72
2020-01-01 00:00:00,92.374,0,"Thompson, CT 06277",41.958388,-71.84392,2016-05-20 00:00:00+00,4.77
2020-01-01 00:00:00,1425.459,1366.2345,"West Windsor, NJ 08550",40.280155,-74.614673,2017-09-11 00:00:00+00,23.655
2020-01-01 00:00:00,348.913,346.982624366968,"Longmeadow, MA 01106",42.047565,-72.57113,2013-08-09 00:00:00+00,6.25
2020-01-01 00:00:00,627.165999999999,781.233657245801,"Dunstable, MA 01827",42.676149,-71.499772,2015-05-07 00:00:00+00,10.75
2020-01-01 00:00:00,577.974,549.297652967157,"Cedarville, NJ 08311-2114",39.3326145,-75.1996314,2015-09-16 00:00:00+00,9.435
2020-01-01 00:00:00,182.643,163.52242925,"Bristol, CT 06010",41.681578,-72.940749,2016-04-12 00:00:00+00,4.675
2020-01-01 00:00:00,332.800000000002,397.005,"Burlington, NJ 08016",40.069521,-74.824196,2018-03-01 00:00:00+00,9.9
2020-01-01 00:00:00,340.537999999999,352.76389914872,"Vernon, CT 06066",41.837561,-72.45904,2016-08-24 00:00:00+00,5.2
2020-01-01 00:00:00,393,456.705,"Mount Laurel, NJ 08054",39.948992,-74.900247,2018-04-04 00:00:00+00,7.975
2020-01-01 00:00:00,719.315999999999,640.041037002081,"Bridgeton, NJ 08302",39.438613,-75.260646,2017-05-30 00:00:00+00,10.92
2020-01-01 00:00:00,658.752,730.638449999999,"Toms River, NJ 08753",39.979031,-74.160429,2017-12-27 00:00:00+00,12.825
2020-01-01 00:00:00,414.899000000001,401.950149999999,"Tinton Falls, NJ 07724",40.298625,-74.074178,2017-02-17 00:00:00+00,10.36
2020-01-01 00:00:00,545.032999999999,587.508940923523,"Waterbury, CT 06706",41.532212,-73.025096,2016-09-28 00:00:00+00,6.76
2020-01-01 00:00:00,359.232999999999,347.498775,"Hartford, CT 06112",41.793336,-72.695823,2017-04-06 00:00:00+00,8.68
2020-01-01 00:00:00,203.444000000001,220.775574999999,"Old Bridge Township, NJ 08857",40.392789,-74.330397,2017-02-21 00:00:00+00,3.42
2020-01-01 00:00:00,524.938999999999,475.863366317446,"Mansfield, NJ 08022",40.06759,-74.705741,2016-06-21 00:00:00+00,8.5
2020-01-01 00:00:00,668.848999999998,498.494999999999,"Passaic, NJ 07055",40.857552,-74.129089,2018-04-23 00:00:00+00,14.72
2020-01-01 00:00:00,499.422,559.59220765074,"East Hartford, CT 06108",41.780375,-72.623945,2016-07-26 00:00:00+00,7.8
2020-01-01 00:00:00,514.098999999999,514.124541103714,"Derby, CT 06418",41.326124,-73.082574,2016-05-13 00:00:00+00,7.395
2020-01-01 00:00:00,295.401,440.768748193774,"Medway, MA 02053",42.156203,-71.430345,2015-08-07 00:00:00+00,17.25
2020-01-01 00:00:00,380.167,450.446335938831,"Hainesport, NJ 08036",39.970569,-74.832209,2016-08-26 00:00:00+00,7.125
2020-01-01 00:00:00,313.015999999999,323.209310032258,"West Haven, CT 06516",41.272573,-72.964967,2017-01-03 00:00:00+00,11.7
2020-01-01 00:00:00,224.338,96.0546510612499,"Prospect, CT 06712",41.499247,-72.975634,2015-10-09 00:00:00+00,7.425
2020-01-01 00:00:00,458.049,387.223783446522,"Stafford Township, NJ 08050",39.712654,-74.231107,2015-09-29 00:00:00+00,7.25
2020-01-01 00:00:00,596.230999999999,588.07485,"Southampton Township, NJ 08088",39.851467,-74.693412,2017-07-26 00:00:00+00,9.18
2020-01-01 00:00:00,98.5500000000001,166.999999999999,"Bridgewater, MA 02324",41.972387,-70.978778,2019-02-21 00:00:00+00,4.93
2020-01-01 00:00:00,244.085999999999,296.371905516723,"Williamstown, MA 01267",42.671617,-73.246981,2014-03-07 00:00:00+00,5
2020-01-01 00:00:00,110.191999999999,226.56722125,"Washington, NH 03280",43.190068,-72.093879,2016-06-01 00:00:00+00,4.24
2020-01-01 00:00:00,197.358999999999,211.692324866644,"Westborough, MA 01581",42.268426,-71.613309,2014-05-19 00:00:00+00,7.83
2020-01-01 00:00:00,188.63,265,"Upton, MA 01568",42.176526,-71.603588,2019-05-04 00:00:00+00,9.86
2020-01-01 00:00:00,437.169,534.98339754651,"West Haven, CT 06516",41.272573,-72.964967,2016-07-28 00:00:00+00,11.44
2020-01-01 00:00:00,494.583999999998,550.453899999999,"Lawrence, MA 01843",42.689974,-71.160383,2017-08-14 00:00:00+00,6.555
2020-01-01 00:00:00,276.909999999999,351.234999999999,"Washington Township, NJ 08080",39.757353,-75.122043,2018-06-27 00:00:00+00,4.275
2020-01-01 00:00:00,250.921,274.51355675652,"Truro, MA 02666",41.99078,-70.045714,2016-10-05 00:00:00+00,6.44
2020-01-01 00:00:00,636.244000000002,768.2594,"Lafayette Township, NJ 07848",41.103892,-74.687004,2017-08-04 00:00:00+00,10.26
2020-01-01 00:00:00,228.623,238.176328651875,"Woodland Park, NJ 07424",40.88283,-74.205688,2015-11-16 00:00:00+00,3.85
2020-01-01 00:00:00,498.909,461.685905556637,"Bergenfield, NJ 07621",40.924204,-73.998287,2016-12-05 00:00:00+00,7.905
2020-01-01 00:00:00,217.552000000003,380.841464835363,"Lunenburg, MA 01462",42.582607,-71.720464,2014-06-04 00:00:00+00,9.5
2020-01-01 00:00:00,446.803,493.826545748676,"Neptune City, NJ 07753",40.214893,-74.078907,2016-09-07 00:00:00+00,7.02
2020-01-01 00:00:00,414.167999999999,545.997676854426,"HOWELL, NJ 07731",40.149537,-74.203987,2016-03-07 00:00:00+00,7.28
2020-01-01 00:00:00,153.609,118.208984999999,"Matawan, NJ 07747",40.415306,-74.25391,2016-06-16 00:00:00+00,4.77
2020-01-01 00:00:00,431.590000000003,372.380034753808,"New Bedford, MA 02745",41.700737,-70.950546,2014-04-07 00:00:00+00,5.5
2020-01-01 00:00:00,500.101,481.968789301083,"Pepperell, MA 01463",42.670643,-71.602858,2016-07-19 00:00:00+00,10.14
2020-01-01 00:00:00,452.733999999999,577.035164516129,"Manchester, CT 06040",41.761415,-72.525608,2018-01-10 00:00:00+00,12.255
2020-01-01 00:00:00,0,187.16422625,"Somerset, NJ 08873",40.496619,-74.532009,2016-12-05 00:00:00+00,9.01
2020-01-01 00:00:00,143.411999999999,316.235135936052,"MASHPEE, MA 02649",41.616801,-70.490097,2014-05-12 00:00:00+00,4.68
2020-01-01 00:00:00,256.46,435.186378277499,"Hopkinton, MA 01748",42.224096,-71.540489,2015-07-21 00:00:00+00,8.84
2020-01-01 00:00:00,534.082,564.484182073153,"East Hartford, CT 06118",41.748702,-72.609686,2016-08-01 00:00:00+00,11.02
2020-01-01 00:00:00,159.72,149.249999999999,"New Britain, CT 06051",41.665141,-72.769832,2018-05-08 00:00:00+00,2.9
2020-01-01 00:00:00,231.647,360.53740425,"Enfield, CT 06082",41.983993,-72.555553,2016-06-03 00:00:00+00,6.36
2020-01-01 00:00:00,148.024,192.034999999999,"Lowell, MA 01854",42.649481,-71.348229,2018-02-14 00:00:00+00,3.36
2020-01-01 00:00:00,357.254999999999,309.313510749999,"Windsor Locks, CT 06096",41.92763,-72.659703,2016-06-17 00:00:00+00,8.215
2020-01-01 00:00:00,183.095,246.179683213587,"Leeds, MA 01053",42.356301,-72.713584,2014-03-07 00:00:00+00,3.825
2020-01-01 00:00:00,522.561999999999,496.002525,"Pennsville, NJ 08070",39.619131,-75.516096,2017-12-12 00:00:00+00,12.98
2020-01-01 00:00:00,522.032999999999,489.582212874999,"Voorhees Township, NJ 08043",39.848537,-74.953499,2016-07-01 00:00:00+00,12.375
2020-01-01 00:00:00,0,257.779318664374,"Piscataway Township, NJ 08854",40.54564,-74.460817,2015-09-28 00:00:00+00,8.06
2020-01-01 00:00:00,443.72,398.226292127921,"West Deptford, NJ 08086",39.854728,-75.198686,2017-03-22 00:00:00+00,7.41
2020-01-01 00:00:00,234.029999999999,245.765,"Lindenwold, NJ 08021",39.80727,-75.006883,2018-09-13 00:00:00+00,4.425
2020-01-01 00:00:00,427.5,447.749999999999,"Willingboro, NJ 08046",40.02795,-74.886984,2018-02-15 00:00:00+00,8.99
2020-01-01 00:00:00,599.677999999999,528.215650908659,"Westport, MA 02790",41.599176,-71.082371,2013-10-01 00:00:00+00,9
2020-01-01 00:00:00,600.715,758.35915,"Watertown, CT 06779",41.596057,-73.081442,2017-03-10 00:00:00+00,11.48
2020-01-01 00:00:00,495.904,359.068854276349,"Kingston, MA 02364",41.987196,-70.741942,2015-09-21 00:00:00+00,8.25
2020-01-01 00:00:00,421.771999999997,463.669999999999,"North Haledon, NJ 07508",40.955074,-74.183638,2018-05-09 00:00:00+00,9.69
2020-01-01 00:00:00,368.949999999999,294.999999999999,"Milford, MA 01757",42.158692,-71.521419,2019-02-11 00:00:00+00,6.09
2020-01-01 00:00:00,227.511000000002,134.325,"Vineland, NJ 08360",39.494482,-75.00577,2018-03-08 00:00:00+00,4.62
2020-01-01 00:00:00,251.937,217.596325487179,"Princeton Junction, NJ 08550",40.280155,-74.614673,2017-02-01 00:00:00+00,4.08
2020-01-01 00:00:00,408.748,577.184574999999,"Cheshire, CT 06410",41.511827,-72.903617,2017-10-21 00:00:00+00,7.695
2020-01-01 00:00:00,284.309999999999,260.689999999999,"Toms River, NJ 08753",39.979031,-74.160429,2018-12-13 00:00:00+00,3.77
2020-01-01 00:00:00,453.252,327.473792717397,"Cherry Hill, NJ 08003",39.882703,-74.972036,2013-08-20 00:00:00+00,9
2020-01-01 00:00:00,132.716,148.672258064516,"Bridgeton, NJ 08302",39.438613,-75.260646,2018-01-08 00:00:00+00,3.99
2020-01-01 00:00:00,0,403.419448718888,"Teaneck, NJ 07666-3828",40.8924932,-74.0123851,2014-11-21 00:00:00+00,5.25
2020-01-01 00:00:00,325.869999999999,414.820475,"Hamilton Township, NJ 08620",40.170048,-74.651278,2017-11-28 00:00:00+00,5.7
2020-01-01 00:00:00,132.513999999999,56.4314249999999,"Melrose, MA 02176",42.455723,-71.059019,2017-07-21 00:00:00+00,3.64
2020-01-01 00:00:00,205.269999999999,287.97242707058,"Ridgefield, CT 06877",41.310803,-73.499837,2014-06-18 00:00:00+00,4
2020-01-01 00:00:00,156.828999999999,158.404751889904,"Methuen, MA 01844",42.742526,-71.179149,2013-07-19 00:00:00+00,2.94
2020-01-01 00:00:00,150.707999999999,82.2510069286776,"Carver, MA 02330",41.875179,-70.746715,2015-12-18 00:00:00+00,3.825
2020-01-01 00:00:00,614.735,755.301785620585,"Parsippany-Troy Hills, NJ 07054",40.853731,-74.401647,2016-09-16 00:00:00+00,10.07
2020-01-01 00:00:00,531.798999999999,484.122225,"Woburn, MA 01801",42.488769,-71.154438,2017-05-04 00:00:00+00,12.255
2020-01-01 00:00:00,732.259000000001,802.964999999999,"Jersey City, NJ 07304",40.716495,-74.072593,2018-08-18 00:00:00+00,15.9
2020-01-01 00:00:00,409.299999999999,513.253417741935,"Monroe Township, NJ 08094",39.650587,-74.959292,2018-01-18 00:00:00+00,11.4
2020-01-01 00:00:00,433.058,217.905,"Hamilton Township, NJ 08610",40.191174,-74.716603,2018-05-03 00:00:00+00,9.9
2020-01-01 00:00:00,495.639999999999,485.641913374999,"Milford, MA 01757",42.158692,-71.521419,2016-02-05 00:00:00+00,5.775
2020-01-01 00:00:00,105.463999999999,102.447787,"Dartmouth, MA 02748",41.553084,-70.971453,2016-06-03 00:00:00+00,6.095
2020-01-01 00:00:00,532.211000000003,531.329999999999,"Long Branch, NJ 07740",40.295372,-73.989899,2018-05-04 00:00:00+00,11.7
2020-01-01 00:00:00,134.882999999999,109.892775,"Englewood, NJ 07631",40.891197,-73.972515,2017-07-17 00:00:00+00,4.06
2020-01-01 00:00:00,78.7200000000002,91.54,"Long Branch, NJ 07740",40.295372,-73.989899,2018-11-01 00:00:00+00,3.19
2020-01-01 00:00:00,215.428,231.628484540322,"Newington, CT 06111",41.686993,-72.730839,2017-01-31 00:00:00+00,3.36
2020-01-01 00:00:00,199.304,201.940349375,"Hampton, NH 03842",42.939601,-70.836728,2016-04-05 00:00:00+00,3.025
2020-01-01 00:00:00,381.299999999999,409.87035,"Brockton, MA 02301",42.078371,-71.042304,2017-12-06 00:00:00+00,8.7
2020-01-01 00:00:00,858.976999999999,883.56,"Carneys Point Township, NJ 08069",39.699258,-75.44518,2018-10-27 00:00:00+00,20.4
2020-01-01 00:00:00,423.426,140.994576351085,"Monroe, NJ 08831",40.319482,-74.428785,2013-09-30 00:00:00+00,12.5
2020-01-01 00:00:00,837.716999999999,693.492712,"Fairhaven, MA 02719",41.633619,-70.871306,2016-04-01 00:00:00+00,14.79
2020-01-01 00:00:00,624.359999999999,404.993678467742,"Bethany, CT 06524",41.422964,-72.994187,2017-01-18 00:00:00+00,11.48
2020-01-01 00:00:00,369.924,364.307823761575,"West Springfield, MA 01089",42.125451,-72.649734,2013-08-30 00:00:00+00,7.5
2020-01-01 00:00:00,252.49,573.31357725,"Leominster, MA 01453",42.519977,-71.763202,2016-03-21 00:00:00+00,10.865
2020-01-01 00:00:00,333.951999999999,395.483940367816,"Hamden, CT 06517",41.34944,-72.907149,2016-09-30 00:00:00+00,8.32
2020-01-01 00:00:00,87.0869999999999,156.519922220083,"Pittsfield, MA 01201",42.448236,-73.273727,2016-09-13 00:00:00+00,3.71
2020-01-01 00:00:00,368.899999999999,368.787762903226,"Cherry Hill, NJ 08002",39.931978,-75.027557,2018-01-26 00:00:00+00,5.8
2020-01-01 00:00:00,404.662,866.682111426841,"Marshfield, MA 02050",42.115139,-70.710331,2014-04-28 00:00:00+00,13.75
2020-01-01 00:00:00,537.139999999999,692.027475,"Sicklerville, NJ 08081",39.732942,-74.976657,2017-08-07 00:00:00+00,12.255
2020-01-01 00:00:00,279.668,454.789368289999,"Howell, NJ 07731",40.149537,-74.203987,2015-11-24 00:00:00+00,7.7
2020-01-01 00:00:00,760.485999999999,700.505412560441,"East Windsor, NJ 08512",40.324357,-74.525526,2013-06-27 00:00:00+00,11.27
2020-01-01 00:00:00,158.985,161.062353497063,"Stoughton, MA 02072",42.119006,-71.10365,2013-09-16 00:00:00+00,3.25
2020-01-01 00:00:00,209.300000000001,176.224449999999,"Lawrence, MA 01843",42.689974,-71.160383,2017-12-29 00:00:00+00,7.25
2020-01-01 00:00:00,636.942,558.829713709677,"Williamstown, NJ 08094",39.650587,-74.959292,2018-01-17 00:00:00+00,12.54
2020-01-01 00:00:00,459.412,614.231516235067,"Clementon, NJ 08021",39.80727,-75.006883,2015-09-05 00:00:00+00,8.25
2020-01-01 00:00:00,518.559000000001,407.386874267802,"Carver, MA 02330",41.875179,-70.746715,2013-11-19 00:00:00+00,6
2020-01-01 00:00:00,442.234999999999,531.01479806998,"Stratford, CT 06615",41.171614,-73.13216,2016-10-14 00:00:00+00,12.74
2020-01-01 00:00:00,0,517.468630587566,"Woburn, MA 01801",42.488769,-71.154438,2016-10-04 00:00:00+00,8.58
2020-01-01 00:00:00,429.902999999999,338.904208881575,"Lynn, MA 01904",42.492456,-70.97393,2013-08-27 00:00:00+00,7
2020-01-01 00:00:00,433.81,430.999999999999,"Bergenfield, NJ 07621",40.924204,-73.998287,2019-07-09 00:00:00+00,14.79